reps 1,reps 2,reps 3
14227205.21108214,6960383.208154738,-855318.1317502414
18339589.89488638,9461322.86433995,-873688.7508842691
23368756.233061947,11679365.627428371,-342971.90736677375
28633828.796307743,13502937.432693243,-616192.3488722652
32822464.900647555,14652737.66440348,-249584.61869620444
37993079.70558719,15439565.33480299,604460.3100694669
42435063.29785259,16387523.66181885,698143.7925221586
46930890.28074452,17090003.319604103,397702.47935408604
