reps 1,reps 2,reps 3,reps 4,reps 5,reps 6,reps 7
14066647.253614048,782163.2732992768,4043121.142295386,665457.3267798148,-1301256.6596154012,3200751.410655965,-2811792.811731293
18132119.50881429,-1137785.6852664037,5915345.701933469,859893.1543193692,-1111481.8723836953,6246765.054361319,-3906975.6048321836
23086140.498701666,-1063221.8058845592,6958076.08673439,1171344.5580910726,-1663863.6828643356,7962382.943268005,-4235613.4493609145
28240701.523217745,141407.51573739393,6746388.606967676,1629376.9281806736,-2156942.421633276,8762854.987476755,-4623995.525257049
32399453.8090503,-264484.0761595812,7173283.046022917,1753235.2298487995,-2376688.540666145,10369253.482142815,-5033950.207746884
37586172.800991975,3272751.216073964,7986664.106214758,1686488.2724571037,-2064404.4527497154,7635318.348888319,-3780440.6955887023
41816102.5901934,6278415.013812206,8015580.531684769,2565378.6212696536,-1374045.2106454256,4766526.521215627,-2256677.1515294765
46001292.77904729,10316822.748209938,7482614.375403004,3852860.81114635,85505.21099903272,745082.3995085005,-591137.5786023252
