reps 1,reps 2,reps 3,reps 4,reps 5,reps 6,reps 7
12391229.586344253,-433837.5700261309,4156984.4145088866,5604567.589637907,870823.269861471,-2081936.7814469666,-1398948.8944848978
15634144.207185904,-4879.351781422625,5614746.819688611,6054483.631348482,723458.3260082677,-3714585.0842683725,-45292.93439531384
19685299.41724191,-620085.4594352251,7068959.315389774,8630668.10183974,773899.6054348769,-4828313.1979163345,-331355.08410180814
23735278.799751427,-832578.2383195019,8283473.073242071,11040375.610424617,1238010.02540244,-4769702.93680426,-1432387.3818077927
27080889.865916517,-1274343.146973506,9133875.384847717,12856179.963264178,1898261.2427893823,-5645770.991609799,-1053231.1692050896
30914159.88878362,-1287231.9963775123,10508194.150870137,12659546.066790836,1577629.9786753056,-3800551.8260708526,-2471848.4135545003
34224026.77564157,-1013613.9227456291,11622736.027108375,12767003.207194963,1782785.5443512737,-2435640.8734798986,-3826924.685314148
37259834.03812391,-637501.3670518175,12460617.676909499,13393775.161725344,2315883.396908073,-1146266.7423602846,-5045419.878233617
